Job ID,Duration
Job_1,84
Job_2,39
Job_3,45
Job_4,36
Job_5,67
Job_6,54
Job_7,87
Job_8,39
Job_9,53
Job_10,99
Job_11,9
Job_12,65
Job_13,87
Job_14,60
Job_15,66
Job_16,17
Job_17,49
Job_18,25
Job_19,88
Job_20,43
Job_21,13
Job_22,30
Job_23,50
Job_24,42
Job_25,4
Job_26,54
Job_27,41
Job_28,61
Job_29,3
Job_30,53
Job_31,66
Job_32,82
Job_33,53
Job_34,48
Job_35,66
Job_36,50
Job_37,24
Job_38,36
Job_39,84
Job_40,38
Job_41,71
Job_42,45
Job_43,39
Job_44,16
Job_45,23
Job_46,80
Job_47,60
Job_48,48
Job_49,76
Job_50,64
Job_51,60
Job_52,43
Job_53,12
Job_54,79
Job_55,61
Job_56,63
Job_57,56
Job_58,56
Job_59,10
Job_60,29
Job_61,91
Job_62,83
Job_63,97
Job_64,66
Job_65,1
Job_66,68
Job_67,49
Job_68,76
Job_69,2
Job_70,100
Job_71,69
Job_72,85
Job_73,93
Job_74,95
Job_75,77
Job_76,69
Job_77,55
Job_78,8
Job_79,91
Job_80,15
Job_81,94
Job_82,36
Job_83,52
Job_84,50
Job_85,60
Job_86,55
Job_87,35
Job_88,29
Job_89,64
Job_90,11
Job_91,56
Job_92,16
Job_93,33
Job_94,48
Job_95,17
Job_96,84
Job_97,64
Job_98,20
Job_99,7
Job_100,39
Job_101,57
Job_102,87
Job_103,46
Job_104,36
Job_105,33
Job_106,12
Job_107,61
Job_108,60
Job_109,35
Job_110,29
Job_111,22
Job_112,40
Job_113,98
Job_114,44
Job_115,39
Job_116,16
Job_117,39
Job_118,35
Job_119,49
Job_120,80
Job_121,65
Job_122,46
Job_123,5
Job_124,7
Job_125,28
Job_126,45
Job_127,19
Job_128,65
Job_129,71
Job_130,85
Job_131,91
Job_132,68
Job_133,61
Job_134,18
Job_135,78
Job_136,55
Job_137,15
Job_138,66
Job_139,46
Job_140,95
Job_141,57
Job_142,93
Job_143,62
Job_144,84
Job_145,5
Job_146,25
Job_147,31
Job_148,11
Job_149,86
Job_150,65
Job_151,57
Job_152,45
Job_153,96
Job_154,89
Job_155,39
Job_156,98
Job_157,98
Job_158,58
Job_159,61
Job_160,23
Job_161,9
Job_162,69
Job_163,93
Job_164,12
Job_165,14
Job_166,63
Job_167,100
Job_168,40
Job_169,41
Job_170,93
Job_171,19
Job_172,88
Job_173,89
Job_174,72
Job_175,58
Job_176,50
Job_177,69
Job_178,9
Job_179,84
Job_180,50
Job_181,63
Job_182,57
Job_183,88
Job_184,80
Job_185,28
Job_186,8
Job_187,62
Job_188,50
Job_189,82
Job_190,5
Job_191,52
Job_192,43
Job_193,56
Job_194,56
Job_195,40
Job_196,53
Job_197,4
Job_198,94
Job_199,46
Job_200,73
Job_201,59
Job_202,88
Job_203,4
Job_204,81
Job_205,23
Job_206,81
Job_207,96
Job_208,90
Job_209,20
Job_210,9
Job_211,11
Job_212,82
Job_213,3
Job_214,56
Job_215,43
Job_216,86
Job_217,43
Job_218,11
Job_219,72
Job_220,23
Job_221,60
Job_222,37
Job_223,55
Job_224,66
Job_225,53
Job_226,92
Job_227,37
Job_228,57
Job_229,36
Job_230,100
Job_231,1
Job_232,57
Job_233,42
Job_234,19
Job_235,76
Job_236,1
Job_237,24
Job_238,77
Job_239,6
Job_240,10
Job_241,32
Job_242,81
Job_243,41
Job_244,78
Job_245,18
Job_246,99
Job_247,98
Job_248,15
Job_249,42
Job_250,95
Job_251,44
Job_252,41
Job_253,39
Job_254,81
Job_255,2
Job_256,11
Job_257,83
Job_258,10
Job_259,93
Job_260,85
Job_261,27
Job_262,1
Job_263,4
Job_264,5
Job_265,49
Job_266,88
Job_267,17
Job_268,86
Job_269,30
Job_270,43
Job_271,54
Job_272,89
Job_273,40
Job_274,45
Job_275,100
Job_276,24
Job_277,75
Job_278,9
Job_279,14
Job_280,53
Job_281,62
Job_282,61
Job_283,78
Job_284,89
Job_285,56
Job_286,30
Job_287,71
Job_288,83
Job_289,29
Job_290,23
Job_291,74
Job_292,71
Job_293,83
Job_294,93
Job_295,70
Job_296,87
Job_297,66
Job_298,8
Job_299,100
Job_300,17
Job_301,42
Job_302,21
Job_303,77
Job_304,58
Job_305,57
Job_306,43
Job_307,23
Job_308,22
Job_309,9
Job_310,11
Job_311,58
Job_312,59
Job_313,9
Job_314,60
Job_315,74
Job_316,35
Job_317,57
Job_318,63
Job_319,77
Job_320,11
Job_321,26
Job_322,22
Job_323,19
Job_324,21
Job_325,6
Job_326,1
Job_327,43
Job_328,38
Job_329,57
Job_330,42
Job_331,7
Job_332,72
Job_333,85
Job_334,39
Job_335,47
Job_336,86
Job_337,99
Job_338,44
Job_339,62
Job_340,73
Job_341,72
Job_342,64
Job_343,86
Job_344,43
Job_345,84
Job_346,21
Job_347,24
Job_348,21
Job_349,43
Job_350,26
Job_351,49
Job_352,75
Job_353,92
Job_354,36
Job_355,32
Job_356,6
Job_357,9
Job_358,69
Job_359,19
Job_360,84
Job_361,59
Job_362,32
Job_363,73
Job_364,64
Job_365,35
Job_366,33
Job_367,90
Job_368,15
Job_369,29
Job_370,47
Job_371,13
Job_372,40
Job_373,22
Job_374,50
Job_375,92
Job_376,22
Job_377,68
Job_378,73
Job_379,90
Job_380,18
Job_381,79
Job_382,11
Job_383,88
Job_384,93
Job_385,96
Job_386,49
Job_387,52
Job_388,28
Job_389,82
Job_390,28
Job_391,28
Job_392,96
Job_393,12
Job_394,45
Job_395,20
Job_396,100
Job_397,36
Job_398,16
Job_399,95
Job_400,73
Job_401,73
Job_402,92
Job_403,21
Job_404,52
Job_405,92
Job_406,88
Job_407,1
Job_408,57
Job_409,1
Job_410,62
Job_411,25
Job_412,83
Job_413,53
Job_414,99
Job_415,34
Job_416,24
Job_417,98
Job_418,26
Job_419,89
Job_420,40
Job_421,6
Job_422,25
Job_423,76
Job_424,79
Job_425,70
Job_426,82
Job_427,71
Job_428,90
Job_429,26
Job_430,49
Job_431,66
Job_432,41
Job_433,33
Job_434,96
Job_435,5
Job_436,21
Job_437,69
Job_438,75
Job_439,37
Job_440,72
Job_441,58
Job_442,73
Job_443,100
Job_444,46
Job_445,96
Job_446,44
Job_447,15
Job_448,13
Job_449,89
Job_450,1
Job_451,15
Job_452,61
Job_453,13
Job_454,40
Job_455,53
Job_456,19
Job_457,32
Job_458,21
Job_459,87
Job_460,64
Job_461,50
Job_462,30
Job_463,82
Job_464,88
Job_465,35
Job_466,54
Job_467,38
Job_468,27
Job_469,53
Job_470,45
Job_471,4
Job_472,6
Job_473,10
Job_474,39
Job_475,82
Job_476,30
Job_477,99
Job_478,48
Job_479,37
Job_480,83
Job_481,70
Job_482,40
Job_483,7
Job_484,55
Job_485,42
Job_486,74
Job_487,46
Job_488,71
Job_489,19
Job_490,100
Job_491,25
Job_492,61
Job_493,93
Job_494,38
Job_495,21
Job_496,80
Job_497,68
Job_498,34
Job_499,56
Job_500,24
Job_501,84
Job_502,29
Job_503,82
Job_504,29
Job_505,84
Job_506,10
Job_507,41
Job_508,54
Job_509,73
Job_510,58
Job_511,20
Job_512,29
Job_513,52
Job_514,66
Job_515,9
Job_516,71
Job_517,50
Job_518,33
Job_519,86
Job_520,55
Job_521,14
Job_522,74
Job_523,19
Job_524,85
Job_525,48
Job_526,40
Job_527,67
Job_528,60
Job_529,56
Job_530,16
Job_531,35
Job_532,80
Job_533,27
Job_534,32
Job_535,57
Job_536,86
Job_537,93
Job_538,48
Job_539,87
Job_540,88
Job_541,37
Job_542,4
Job_543,36
Job_544,79
Job_545,75
Job_546,51
Job_547,48
Job_548,16
Job_549,17
Job_550,23
Job_551,92
Job_552,31
Job_553,35
Job_554,46
Job_555,20
Job_556,37
Job_557,37
Job_558,59
Job_559,67
Job_560,13
Job_561,74
Job_562,50
Job_563,16
Job_564,35
Job_565,8
Job_566,23
Job_567,89
Job_568,74
Job_569,47
Job_570,3
Job_571,40
Job_572,98
Job_573,91
Job_574,41
Job_575,30
Job_576,59
Job_577,2
Job_578,57
Job_579,56
Job_580,94
Job_581,76
Job_582,8
Job_583,96
Job_584,32
Job_585,99
Job_586,87
Job_587,11
Job_588,55
Job_589,37
Job_590,13
Job_591,100
Job_592,13
Job_593,68
Job_594,72
Job_595,5
Job_596,19
Job_597,84
Job_598,28
Job_599,4
Job_600,49
Job_601,13
Job_602,14
Job_603,31
Job_604,23
Job_605,65
Job_606,77
Job_607,92
Job_608,9
Job_609,31
Job_610,63
Job_611,99
Job_612,91
Job_613,98
Job_614,53
Job_615,20
Job_616,59
Job_617,14
Job_618,31
Job_619,85
Job_620,12
Job_621,54
Job_622,89
Job_623,36
Job_624,61
Job_625,82
Job_626,73
Job_627,80
Job_628,87
Job_629,52
Job_630,81
Job_631,92
Job_632,2
Job_633,18
Job_634,8
Job_635,72
Job_636,3
Job_637,73
Job_638,46
Job_639,29
Job_640,93
Job_641,9
Job_642,36
Job_643,8
Job_644,56
Job_645,7
Job_646,80
Job_647,53
Job_648,78
Job_649,14
Job_650,14
Job_651,74
Job_652,72
Job_653,80
Job_654,13
Job_655,28
Job_656,16
Job_657,96
Job_658,15
Job_659,73
Job_660,3
Job_661,18
Job_662,24
Job_663,56
Job_664,38
Job_665,14
Job_666,6
Job_667,38
Job_668,86
Job_669,13
Job_670,2
Job_671,71
Job_672,88
Job_673,75
Job_674,91
Job_675,63
Job_676,26
Job_677,99
Job_678,64
Job_679,52
Job_680,10
Job_681,18
Job_682,53
Job_683,95
Job_684,20
Job_685,29
Job_686,88
Job_687,95
Job_688,51
Job_689,64
Job_690,42
Job_691,75
Job_692,72
Job_693,86
Job_694,15
Job_695,28
Job_696,81
Job_697,33
Job_698,42
Job_699,49
Job_700,35
Job_701,56
Job_702,94
Job_703,12
Job_704,5
Job_705,38
Job_706,32
Job_707,83
Job_708,5
Job_709,98
Job_710,90
Job_711,71
Job_712,49
Job_713,11
Job_714,94
Job_715,34
Job_716,35
Job_717,92
Job_718,47
Job_719,54
Job_720,76
Job_721,52
Job_722,45
Job_723,73
Job_724,58
Job_725,42
Job_726,25
Job_727,91
Job_728,9
Job_729,89
Job_730,72
Job_731,55
Job_732,31
Job_733,8
Job_734,8
Job_735,54
Job_736,27
Job_737,41
Job_738,38
Job_739,1
Job_740,45
Job_741,42
Job_742,37
Job_743,50
Job_744,45
Job_745,94
Job_746,55
Job_747,83
Job_748,66
Job_749,32
Job_750,12
Job_751,60
Job_752,93
Job_753,73
Job_754,58
Job_755,60
Job_756,60
Job_757,45
Job_758,42
Job_759,67
Job_760,95
Job_761,23
Job_762,99
Job_763,57
Job_764,22
Job_765,68
Job_766,63
Job_767,11
Job_768,79
Job_769,86
Job_770,15
Job_771,98
Job_772,63
Job_773,66
Job_774,92
Job_775,55
Job_776,15
Job_777,31
Job_778,4
Job_779,65
Job_780,1
Job_781,72
Job_782,3
Job_783,54
Job_784,55
Job_785,63
Job_786,88
Job_787,52
Job_788,16
Job_789,2
Job_790,17
Job_791,53
Job_792,51
Job_793,56
Job_794,66
Job_795,76
Job_796,30
Job_797,49
Job_798,91
Job_799,14
Job_800,85
Job_801,10
Job_802,31
Job_803,37
Job_804,7
Job_805,84
Job_806,53
Job_807,17
Job_808,23
Job_809,65
Job_810,76
Job_811,68
Job_812,88
Job_813,26
Job_814,37
Job_815,65
Job_816,77
Job_817,58
Job_818,81
Job_819,85
Job_820,91
Job_821,15
Job_822,49
Job_823,51
Job_824,5
Job_825,76
Job_826,73
Job_827,35
Job_828,62
Job_829,69
Job_830,100
Job_831,82
Job_832,58
Job_833,100
Job_834,91
Job_835,63
Job_836,28
Job_837,35
Job_838,81
Job_839,51
Job_840,74
Job_841,27
Job_842,82
Job_843,90
Job_844,33
Job_845,31
Job_846,92
Job_847,40
Job_848,95
Job_849,57
Job_850,2
Job_851,61
Job_852,92
Job_853,75
Job_854,58
Job_855,79
Job_856,33
Job_857,36
Job_858,79
Job_859,29
Job_860,98
Job_861,77
Job_862,15
Job_863,79
Job_864,92
Job_865,99
Job_866,39
Job_867,100
Job_868,25
Job_869,2
Job_870,52
Job_871,32
Job_872,61
Job_873,11
Job_874,84
Job_875,76
Job_876,63
Job_877,81
Job_878,86
Job_879,100
Job_880,77
Job_881,73
Job_882,96
Job_883,47
Job_884,95
Job_885,84
Job_886,96
Job_887,7
Job_888,43
Job_889,86
Job_890,21
Job_891,72
Job_892,19
Job_893,44
Job_894,18
Job_895,6
Job_896,15
Job_897,61
Job_898,44
Job_899,74
Job_900,14
Job_901,62
Job_902,51
Job_903,7
Job_904,74
Job_905,40
Job_906,99
Job_907,57
Job_908,34
Job_909,54
Job_910,62
Job_911,6
Job_912,32
Job_913,80
Job_914,36
Job_915,13
Job_916,26
Job_917,17
Job_918,2
Job_919,41
Job_920,55
Job_921,43
Job_922,53
Job_923,80
Job_924,100
Job_925,46
Job_926,56
Job_927,26
Job_928,1
Job_929,62
Job_930,88
Job_931,41
Job_932,38
Job_933,94
Job_934,12
Job_935,96
Job_936,4
Job_937,77
Job_938,12
Job_939,1
Job_940,21
Job_941,15
Job_942,58
Job_943,94
Job_944,54
Job_945,4
Job_946,35
Job_947,15
Job_948,62
Job_949,11
Job_950,53
Job_951,89
Job_952,29
Job_953,12
Job_954,68
Job_955,55
Job_956,45
Job_957,36
Job_958,95
Job_959,64
Job_960,12
Job_961,93
Job_962,80
Job_963,21
Job_964,45
Job_965,83
Job_966,2
Job_967,64
Job_968,61
Job_969,19
Job_970,93
Job_971,87
Job_972,76
Job_973,30
Job_974,1
Job_975,64
Job_976,64
Job_977,74
Job_978,87
Job_979,9
Job_980,66
Job_981,56
Job_982,50
Job_983,58
Job_984,77
Job_985,47
Job_986,47
Job_987,79
Job_988,35
Job_989,88
Job_990,29
Job_991,73
Job_992,84
Job_993,46
Job_994,12
Job_995,73
Job_996,22
Job_997,57
Job_998,32
Job_999,78
Job_1000,59
